INSERT INTO dataAGENCY (Agency_ID, Agency_Email, Agency_Brand, Phone_No, Address, Pass_word)
VALUES (
    'AGENCY9',
    'anotheragency@example.com',
    'Vinfast .LTD',
    '0123456789',
    '123 Ho Chi Minh City, Vietnam',
    '123456789'  
);
INSERT INTO dataCAR (Model_Car_ID, Model_Car_Name, Price, Color, Origin_Of_Car, Date_Of_Import, Car_Number_Availability, Car_Sold, Launching_Year) VALUES
('VINVFWG', 'VF Wild', 50000, 'Grey', 'Vietnam', '2024-06-01', 8, 10, 2024),
('VINVF8BL', 'VF 8', 47200, 'Black', 'Vietnam', '2024-06-01', 8, 12, 2023),
('VINVF8WH', 'VF 8', 47200, 'White', 'Vietnam', '2024-06-01', 9, 9, 2023),
('VINVF8B', 'VF 8', 47200, 'Blue', 'Vietnam', '2024-06-01', 9, 4, 2023),
('VINVF9CR', 'VF 9', 81000, 'Crimson Red', 'Vietnam', '2024-06-01', 10, 8, 2023),
('VINVF9BL', 'VF 9', 81000, 'Black', 'Vietnam', '2024-06-01', 10, 5, 2023),
('VINVF9SL', 'VF 9', 81000, 'Silver', 'Vietnam', '2024-06-01', 9, 5, 2023),
('VINVF5B', 'VF 5', 30000, 'Blue', 'Vietnam', '2024-07-01', 8, 4, 2023),
('VINVF6G', 'VF 6', 35000, 'Green', 'Vietnam', '2024-08-01', 8, 5, 2023),
('VINVF7R', 'VF 7', 37000, 'Red', 'Vietnam', '2024-09-01', 9, 2, 2023),
('VINVF7BL', 'VF 7', 37000, 'Black', 'Vietnam', '2024-09-01', 9, 3, 2023),
('VINVF7B', 'VF 7', 37000, 'Blue', 'Vietnam', '2024-09-01', 9, 0, 2023),
('VINVF3B', 'VF 3', 16000, 'Blue', 'Vietnam', '2024-10-01', 7, 0, 2023),
('VINVF3YL', 'VF 3', 16000, 'Yellow', 'Vietnam', '2024-10-01', 7, 0, 2023),
('VINVF3PK', 'VF 3', 16000, 'Pink', 'Vietnam', '2024-10-01', 7, 0, 2023),
('VINE34WH', 'VF e34', 26000, 'White', 'Vietnam', '2024-05-01', 8, 0, 2023),
('VINE34B', 'VF e34', 26000, 'Black', 'Vietnam', '2024-05-01', 9, 0, 2023);

INSERT INTO dataCUSTOMER (Citizen_ID, Email, Customer_Name, Phone_No, Address, Number_Transaction) VALUES
('000001', 'customer1@example.com', 'Nguyễn Văn A', '912345678', '123 Lê Lợi, Quận 1, TP.HCM', 3),
('000002', 'customer2@example.com', 'Trần Thị B', '987654321', '456 Nguyễn Trãi, Quận 5, TP.HCM', 3),
('000003', 'customer3@example.com', 'Lê Văn C', '901234567', '789 Pasteur, Quận 3, TP.HCM', 3),
('000004', 'customer4@example.com', 'Phạm Thị D', '976543210', '1011 CMT8, Quận 10, TP.HCM', 3),
('000005', 'customer5@example.com', 'Hoàng Văn E', '965432109', '1213 Điện Biên Phủ, Quận Bình Thạnh, TP.HCM', 3),
('000006', 'customer6@example.com', 'Nguyễn Văn F', '912345000', '135 Lê Lợi, Quận 1, TP.HCM', 3),
('000007', 'customer7@example.com', 'Trần Thị G', '987654000', '246 Nguyễn Trãi, Quận 5, TP.HCM', 3),
('000008', 'customer8@example.com', 'Lê Văn H', '901234000', '357 Pasteur, Quận 3, TP.HCM', 3),
('000009', 'customer9@example.com', 'Phạm Thị I', '976543000', '468 CMT8, Quận 10, TP.HCM', 3),
('000010', 'customer10@example.com', 'Hoàng Văn J', '965432000', '579 Điện Biên Phủ, Quận Bình Thạnh, TP.HCM', 3),
('000011', 'customer11@example.com', 'Nguyễn Thị K', '912345100', '135A Lê Lợi, Quận 1, TP.HCM', 3),
('000012', 'customer12@example.com', 'Trần Văn L', '987654100', '246A Nguyễn Trãi, Quận 5, TP.HCM', 3),
('000013', 'customer13@example.com', 'Lê Thị M', '901234100', '25 Võ Oanh, Quận Bình Thạnh, TP.HCM', 3),
('000014', 'customer14@example.com', 'Phạm Văn N', '976543100', '468A CMT8, Quận 10, TP.HCM', 3),
('000015', 'customer15@example.com', 'Hoàng Thị O', '965432100', '120 Quang Trung, Quận Gò Vấp, TP.HCM', 3),
('000016', 'customer16@example.com', 'Nguyễn Văn P', '912345200', '136 Hoàng Minh Giám, Quận Gò Vấp, TP.HCM', 2),
('000017', 'customer17@example.com', 'Trần Thị Q', '987654200', '246B Nguyễn Trãi, Quận 5, TP.HCM', 2),
('000018', 'customer18@example.com', 'Lê Văn R', '901234200', '357B Pasteur, Quận 3, TP.HCM', 2),
('000019', 'customer19@example.com', 'Phạm Thị S', '976543200', '468B CMT8, Quận 10, TP.HCM', 2),
('000020', 'customer20@example.com', 'Hoàng Văn T', '965432200', '108 Hồng Bàng, Quận 5, TP.HCM', 2),
('000021', 'customer21@example.com', 'Nguyễn Thị U', '912345300', '145 An Phú Đông, Quận 12, TP.HCM', 2),
('000022', 'customer22@example.com', 'Trần Văn V', '987654300', '246C Nguyễn Trãi, Quận 5, TP.HCM', 2),
('000023', 'customer23@example.com', 'Lê Thị W', '901234300', '357C Pasteur, Quận 3, TP.HCM', 2),
('000024', 'customer24@example.com', 'Phạm Văn X', '976543300', '468C CMT8, Quận 10, TP.HCM', 2),
('000025', 'customer25@example.com', 'Hoàng Thị Y', '965432300', '579C Điện Biên Phủ, Quận Bình Thạnh, TP.HCM', 2),
('000026', 'customer26@example.com', 'Nguyễn Văn Z', '912345400', '199 Hoàng Minh Giám, Quận Gò Vấp, TP.HCM', 2);

INSERT INTO dataEMPLOYEE (Employee_CitizenID, Employee_Name, Employee_Birthday, Employee_Phone_No, Employee_Email, Employee_Address, Role_Title)
VALUES
    ('EMP001', 'Trần Văn An', '1990-05-10', '0987654321', 'employee1@example.com', '123 Lê Lợi, Quận 1, TP.HCM', 'Sales Manager'),
    ('EMP002', 'Nguyễn Thị Bình', '1995-08-15', '0912345678', 'employee2@example.com', '456 Nguyễn Trãi, Quận 5, TP.HCM', 'Salesperson'),
    ('EMP003', 'Lê Văn Cường', '1988-03-20', '0901234567', 'employee3@example.com', '789 Pasteur, Quận 3, TP.HCM', 'Service Advisor'),
    ('EMP004', 'Phạm Thị Diệu', '1992-11-25', '0976543210', 'employee4@example.com', '1011 CMT8, Quận 10, TP.HCM', 'Technician'),
    ('EMP005', 'Hoàng Văn Em', '1985-06-30', '0965432109', 'employee5@example.com', '1213 Điện Biên Phủ, Quận Bình Thạnh, TP.HCM', 'Accountant');

INSERT INTO dataTRANSACTION (Transaction_ID, Citizen_ID, Model_Car_ID, Transaction_Date, Payment_Date, Warranty_Valid_Date, Status_Of_Purchasing)
VALUES
('T001', '000001', 'VINVF9CR', '2023-04-01', '2023-04-01', '2025-04-01', 'paid'),
('T002', '000002', 'VINVF9CR', '2023-04-15', '2023-04-15', '2025-04-15', 'paid'),
('T003', '000003', 'VINVF9BL', '2023-04-01', '2023-04-01', '2025-04-01', 'paid'),
('T004', '000004', 'VINVF9BL', '2023-04-02', '2023-04-02', '2025-04-02', 'paid'),
('T005', '000005', 'VINVF9SL', '2023-05-01', '2023-05-01', '2025-05-01', 'paid'),
('T006', '000006', 'VINVF6G', '2023-05-08', '2023-05-08', '2025-05-08', 'paid'),
('T007', '000007', 'VINVF6G', '2023-05-25', '2023-05-25', '2025-05-25', 'paid'),
('T008', '000008', 'VINVF7R', '2023-05-11', '2023-05-11', '2025-05-11', 'paid'),
('T009', '000009', 'VINVF7BL', '2023-05-23', '2023-05-23', '2025-05-23', 'paid'),
('T010', '000010', 'VINVFWG', '2023-06-03', '2023-06-03', '2025-06-03', 'paid'),
('T011', '000011', 'VINVF8BL', '2023-06-03', '2023-06-03', '2025-06-03', 'paid'),
('T012', '000012', 'VINVF8BL', '2023-06-30', '2023-06-30', '2025-06-30', 'paid'),
('T013', '000013', 'VINVF8WH', '2023-06-24', '2023-06-24', '2025-06-24', 'paid'),
('T014', '000014', 'VINVFWG', '2023-07-06', '2023-07-06', '2025-07-06', 'paid'),
('T015', '000015', 'VINVF8B', '2023-07-29', '2023-07-29', '2025-07-29', 'paid'),
('T016', '000016', 'VINVF9CR', '2023-07-15', '2023-07-15', '2025-07-15', 'paid'),
('T017', '000017', 'VINVF9BL', '2023-07-02', '2023-07-02', '2025-07-02', 'paid'),
('T018', '000018', 'VINVF9SL', '2023-08-01', '2023-08-01', '2025-08-01', 'paid'),
('T019', '000019', 'VINVF5B', '2023-08-03', '2023-08-03', '2025-08-03', 'paid'),
('T020', '000020', 'VINVF6G', '2023-08-25', '2023-08-25', '2025-08-25', 'paid'),
('T021', '000021', 'VINVFWG', '2023-09-03', '2023-09-03', '2025-09-03', 'paid'),
('T022', '000022', 'VINVFWG', '2023-09-04', '2023-09-04', '2025-09-04', 'paid'),
('T023', '000023', 'VINVF8BL', '2023-09-30', '2023-09-30', '2025-09-30', 'paid'),
('T024', '000024', 'VINVFWG', '2023-10-05', '2023-10-05', '2025-10-05', 'paid'),
('T025', '000025', 'VINVF8BL', '2023-10-05', '2023-10-05', '2025-10-05', 'paid'),
('T026', '000026', 'VINVF8BL', '2023-10-16', '2023-10-16', '2025-10-16', 'paid'),
('T027', '000001', 'VINVF8WH', '2023-10-22', '2023-10-22', '2025-10-22', 'paid'),
('T028', '000002', 'VINVF9CR', '2023-10-15', '2023-10-15', '2025-10-15', 'paid'),
('T029', '000003', 'VINVF9BL', '2023-10-01', '2023-10-01', '2025-10-01', 'paid'),
('T030', '000004', 'VINVF9BL', '2023-10-02', '2023-10-02', '2025-10-02', 'paid'),
('T031', '000005', 'VINVF5B', '2023-11-03', '2023-11-03', '2025-11-03', 'paid'),
('T032', '000006', 'VINVF7R', '2023-11-27', '2023-11-27', '2025-11-27', 'paid'),
('T033', '000007', 'VINVF8BL', '2023-12-30', '2023-12-30', '2025-12-30', 'paid'),
('T034', '000008', 'VINVF8WH', '2023-12-03', '2023-12-03', '2025-12-03', 'paid'),
('T035', '000009', 'VINVF8WH', '2023-12-24', '2023-12-24', '2025-12-24', 'paid'),
('T036', '000010', 'VINVFWG', '2024-01-05', '2024-01-05', '2026-01-05', 'paid'),
('T037', '000011', 'VINVF8BL', '2024-01-05', '2024-01-05', '2026-01-05', 'paid'),
('T038', '000012', 'VINVF8WH', '2024-01-06', '2024-01-06', '2026-01-06', 'paid'),
('T039', '000013', 'VINVF8B', '2024-01-29', '2024-01-29', '2026-01-29', 'paid'),
('T040', '000014', 'VINVF9CR', '2024-01-01', '2024-01-01', '2026-01-01', 'paid'),
('T041', '000015', 'VINVF9CR', '2024-01-15', '2024-01-15', '2026-01-15', 'paid'),
('T042', '000016', 'VINVF9SL', '2024-02-01', '2024-02-01', '2026-02-01', 'paid'),
('T043', '000017', 'VINVF9SL', '2024-02-02', '2024-02-02', '2026-02-02', 'paid'),
('T044', '000018', 'VINVF5B', '2024-02-03', '2024-02-03', '2026-02-03', 'paid'),
('T045', '000019', 'VINVF6G', '2024-02-25', '2024-02-25', '2026-02-25', 'paid'),
('T046', '000020', 'VINVF7BL', '2024-02-22', '2024-02-22', '2026-02-22', 'paid'),
('T047', '000021', 'VINVFWG', '2024-03-04', '2024-03-04', '2026-03-04', 'paid'),
('T048', '000022', 'VINVF8BL', '2024-03-03', '2024-03-03', '2026-03-03', 'paid'),
('T049', '000023', 'VINVF8BL', '2024-03-30', '2024-03-30', '2026-03-30', 'paid'),
('T050', '000024', 'VINVF8WH', '2024-03-24', '2024-03-24', '2026-03-24', 'paid'),
('T051', '000025', 'VINVFWG', '2024-04-05', '2024-04-05', '2026-04-05', 'paid'),
('T052', '000026', 'VINVF8BL', '2024-04-16', '2024-04-16', '2026-04-16', 'paid'),
('T053', '000001', 'VINVF8WH', '2024-04-22', '2024-04-22', '2026-04-22', 'paid'),
('T054', '000002', 'VINVF8B', '2024-04-29', '2024-04-29', '2026-04-29', 'paid'),
('T055', '000003', 'VINVF9CR', '2024-04-01', '2024-04-01', '2026-04-01', 'paid'),
('T056', '000004', 'VINVF9CR', '2024-04-15', '2024-04-15', '2026-04-15', 'paid'),
('T057', '000005', 'VINVF9SL', '2024-05-02', '2024-05-02', '2026-05-02', 'paid'),
('T058', '000006', 'VINVF5B', '2024-05-03', '2024-05-03', '2026-05-03', 'paid'),
('T059', '000007', 'VINVF6G', '2024-05-25', '2024-05-25', '2026-05-25', 'paid'),
('T060', '000008', 'VINVF7BL', '2024-05-23', '2024-05-23', '2026-05-23', 'paid'),
('T061', '000009', 'VINVFWG', '2024-06-03', '2024-06-03', '2026-06-03', 'paid'),
('T062', '000010', 'VINVF8BL', '2024-06-30', '2024-06-30', '2026-06-30', 'paid'),
('T063', '000011', 'VINVF8WH', '2024-06-24', '2024-06-24', '2026-06-24', 'paid'),
('T064', '000012', 'VINVFWG', '2024-07-05', '2024-07-05', '2026-07-05', 'paid'),
('T065', '000013', 'VINVF8BL', '2024-07-16', '2024-07-16', '2026-07-16', 'paid'),
('T066', '000014', 'VINVF8WH', '2024-07-22', '2024-07-22', '2026-07-22', 'paid'),
('T067', '000015', 'VINVF8B', '2024-07-05', '2024-07-05', '2026-07-05', 'paid');

INSERT INTO dataACCOUNTING (Transaction_ID, Transaction_Price, Deposit_Price) VALUES
('T001', 76000, 5000),
('T002', 76000, 5000),
('T003', 76000, 5000),
('T004', 76000, 5000),
('T005', 76000, 5000),
('T006', 30000, 5000),
('T007', 30000, 5000),
('T008', 32000, 5000),
('T009', 32000, 5000),
('T010', 45000, 5000),
('T011', 42200, 5000),
('T012', 42200, 5000),
('T013', 42200, 5000),
('T014', 45000, 5000),
('T015', 42200, 5000),
('T016', 76000, 5000),
('T017', 76000, 5000),
('T018', 76000, 5000),
('T019', 25000, 5000),
('T020', 30000, 5000),
('T021', 45000, 5000),
('T022', 45000, 5000),
('T023', 42200, 5000),
('T024', 45000, 5000),
('T025', 42200, 5000),
('T026', 42200, 5000),
('T027', 42200, 5000),
('T028', 76000, 5000),
('T029', 76000, 5000),
('T030', 76000, 5000),
('T031', 25000, 5000),
('T032', 32000, 5000),
('T033', 42200, 5000),
('T034', 42200, 5000),
('T035', 42200, 5000),
('T036', 45000, 5000),
('T037', 42200, 5000),
('T038', 42200, 5000),
('T039', 42200, 5000),
('T040', 76000, 5000),
('T041', 76000, 5000),
('T042', 76000, 5000),
('T043', 76000, 5000),
('T044', 25000, 5000),
('T045', 30000, 5000),
('T046', 32000, 5000),
('T047', 45000, 5000),
('T048', 42200, 5000),
('T049', 42200, 5000),
('T050', 42200, 5000),
('T051', 45000, 5000),
('T052', 42200, 5000),
('T053', 42200, 5000),
('T054', 42200, 5000),
('T055', 76000, 5000),
('T056', 76000, 5000),
('T057', 76000, 5000),
('T058', 25000, 5000),
('T059', 30000, 5000),
('T060', 32000, 5000),
('T061', 45000, 5000),
('T062', 42200, 5000),
('T063', 42200, 5000),
('T064', 45000, 5000),
('T065', 42200, 5000),
('T066', 42200, 5000),
('T067', 42200, 5000);