INSERT INTO dataAGENCY (Agency_ID, Agency_Email, Agency_Brand, Phone_No, Address, Pass_word)
VALUES (
    'AGENCY9',
    'anotheragency@example.com',
    'Vinfast .LTD',
    '0123456789',
    '123 Ho Chi Minh City, Vietnam',
    '123456789'  
);
	
INSERT INTO dataCAR (Model_Car_ID, Model_Car_Name, Price, Color, Origin_Of_Car, Date_Of_Import, Car_Number_Availability, Car_Sold, Lauching_Year)
VALUES
('VINVFWG', 'VF Wild', 50000.00, 'Grey', 'Vietnam', '2024-06-01', 8, 5, 2024),
	('VINVF8BL', 'VF 8', 47200.00, 'Black', 'Vietnam', '2024-06-01', 8, 3, 2023),
	('VINVF8WH', 'VF 8', 47200.00, 'White', 'Vietnam', '2024-06-01', 9, 7, 2023),
	('VINVF8B', 'VF 8', 47200.00, 'Blue', 'Vietnam', '2024-06-01', 9, 4, 2023),
	('VINVF9CR', 'VF 9', 81000.00, 'Crimson Red', 'Vietnam', '2024-06-01', 10, 10, 2023),
	('VINVF9BL', 'VF 9', 81000.00, 'Black', 'Vietnam', '2024-06-01', 10, 8, 2023),
	('VINVF9SL', 'VF 9', 81000.00, 'Silver', 'Vietnam', '2024-06-01', 9, 12, 2023),
	('VINVF5B', 'VF 5', 30000.00, 'Blue', 'Vietnam', '2024-07-01', 8, 12, 2023),
	('VINVF6G', 'VF 6', 35000.00, 'Green', 'Vietnam', '2024-08-01', 8, 8, 2023),
	('VINVF7R', 'VF 7', 37000.00, 'Red', 'Vietnam', '2024-09-01', 9, 6, 2023),
	('VINVF7BL', 'VF 7', 37000.00, 'Black', 'Vietnam', '2024-09-01', 9, 8, 2023),
	('VINVF7B', 'VF 7', 37000.00, 'Blue', 'Vietnam', '2024-09-01', 9, 8, 2023),
	('VINVF3B', 'VF 3', 16000.00, 'Blue', 'Vietnam', '2024-10-01', 7, 20, 2023),
	('VINVF3YL', 'VF 3', 16000.00, 'Yello', 'Vietnam', '2024-10-01', 7, 20, 2023),
	('VINVF3PK', 'VF 3', 16000.00, 'Pink', 'Vietnam', '2024-10-01', 7, 20, 2023),
	('VINE34WH', 'VF e34', 26000.00, 'White', 'Vietnam', '2024-05-01', 8, 15, 2023),
	('VINE34B', 'VF e34', 26000.00, 'Black', 'Vietnam', '2024-05-01', 9, 10, 2023);

-- Thêm dữ liệu cho bảng dataCUSTOMER
INSERT INTO dataCUSTOMER (Citizen_ID, Email, Customer_Name, Phone_No, Address, Number_Transaction)
VALUES
    ('0000001', 'customer1@example.com', 'Nguyen Van A', '0912345678', '123 Le Loi, Quan 1, TP.HCM', 2),
    ('0000002', 'customer2@example.com', 'Tran Thi B', '0987654321', '456 Nguyen Trai, Quan 5, TP.HCM', 1),
    ('0000003', 'customer3@example.com', 'Le Van C', '0901234567', '789 Pasteur, Quan 3, TP.HCM', 0),
    ('0000004', 'customer4@example.com', 'Pham Thi D', '0976543210', '1011 CMT8, Quan 10, TP.HCM', 3),
    ('0000005', 'customer5@example.com', 'Hoang Van E', '0965432109', '1213 Dien Bien Phu, Quan Binh Thanh, TP.HCM', 0),
    ('0000006', 'customer6@example.com', 'Nguyen Van F', '0912345000', '135 Le Loi, Quan 1, TP.HCM', 4),
    ('0000007', 'customer7@example.com', 'Tran Thi G', '0987654000', '246 Nguyen Trai, Quan 5, TP.HCM', 1),
    ('0000008', 'customer8@example.com', 'Le Van H', '0901234000', '357 Pasteur, Quan 3, TP.HCM', 2),
    ('0000009', 'customer9@example.com', 'Pham Thi I', '0976543000', '468 CMT8, Quan 10, TP.HCM', 5),
    ('0000010', 'customer10@example.com', 'Hoang Van J', '0965432000', '579 Dien Bien Phu, Quan Binh Thanh, TP.HCM', 3),
    ('0000011', 'customer11@example.com', 'Nguyen Thi K', '0912345100', '135A Le Loi, Quan 1, TP.HCM', 2),
    ('0000012', 'customer12@example.com', 'Tran Van L', '0987654100', '246A Nguyen Trai, Quan 5, TP.HCM', 4),
    ('0000013', 'customer13@example.com', 'Le Thi M', '0901234100', '25 Vo Oanh, Quan Binh Thanh, TP.HCM', 1),
    ('0000014', 'customer14@example.com', 'Pham Van N', '0976543100', '468A CMT8, Quan 10, TP.HCM', 3),
    ('0000015', 'customer15@example.com', 'Hoang Thi O', '0965432100', '120 Quang Trung, Quan Go Vap, TP.HCM', 2),
    ('0000016', 'customer16@example.com', 'Nguyen Van P', '0912345200', '136 Hoang Minh Giam, Quan Go Vap, TP.HCM', 5),
    ('0000017', 'customer17@example.com', 'Tran Thi Q', '0987654200', '246B Nguyen Trai, Quan 5, TP.HCM', 4),
    ('0000018', 'customer18@example.com', 'Le Van R', '0901234200', '357B Pasteur, Quan 3, TP.HCM', 3),
    ('0000019', 'customer19@example.com', 'Pham Thi S', '0976543200', '468B CMT8, Quan 10, TP.HCM', 1),
    ('0000020', 'customer20@example.com', 'Hoang Van T', '0965432200', '108 Hong Bang, Quan 5, TP.HCM', 2),
    ('0000021', 'customer21@example.com', 'Nguyen Thi U', '0912345300', '145 An Phu Dong, Quan 12, TP.HCM', 3),
    ('0000022', 'customer22@example.com', 'Tran Van V', '0987654300', '246C Nguyen Trai, Quan 5, TP.HCM', 1),
    ('0000023', 'customer23@example.com', 'Le Thi W', '0901234300', '357C Pasteur, Quan 3, TP.HCM', 2),
    ('0000024', 'customer24@example.com', 'Pham Van X', '0976543300', '468C CMT8, Quan 10, TP.HCM', 4),
    ('0000025', 'customer25@example.com', 'Hoang Thi Y', '0965432300', '579C Dien Bien Phu, Quan Binh Thanh, TP.HCM', 5),
    ('0000026', 'customer26@example.com', 'Nguyen Van Z', '0912345400', '199 Hoang Minh Giam, Quan Go Vap, TP.HCM', 3);

-- Thêm dữ liệu cho bảng dataEMPLOYEE
INSERT INTO dataEMPLOYEE (Employee_CitizenID, Employee_Name, Employee_Birthday, Employee_Phone_No, Employee_Email, Employee_Address, Role_Title)
VALUES
    ('EMP001', 'Trần Văn An', '1990-05-10', '0987654321', 'employee1@example.com', '123 Lê Lợi, Quận 1, TP.HCM', 'Sales Manager'),
    ('EMP002', 'Nguyễn Thị Bình', '1995-08-15', '0912345678', 'employee2@example.com', '456 Nguyễn Trãi, Quận 5, TP.HCM', 'Salesperson'),
    ('EMP003', 'Lê Văn Cường', '1988-03-20', '0901234567', 'employee3@example.com', '789 Pasteur, Quận 3, TP.HCM', 'Service Advisor'),
    ('EMP004', 'Phạm Thị Diệu', '1992-11-25', '0976543210', 'employee4@example.com', '1011 CMT8, Quận 10, TP.HCM', 'Technician'),
    ('EMP005', 'Hoàng Văn Em', '1985-06-30', '0965432109', 'employee5@example.com', '1213 Điện Biên Phủ, Quận Bình Thạnh, TP.HCM', 'Accountant');

-- Thêm dữ liệu bảng Transaction
INSERT INTO dataTRANSACTION (Transaction_ID, Citizen_ID, Model_Car_ID, Transaction_Date, Payment_Date, Warranty_Valid_Date, Status_Of_Purchasing)
VALUES
('T001', '0000001', 'VINVF9CR', '2023-04-01', '2023-04-01', '2025-04-01', 'paid'),
('T002', '0000002', 'VINVF9CR', '2023-04-15', '2023-04-15', '2025-04-15', 'paid'),
('T003', '0000003', 'VINVF9BL', '2023-04-01', '2023-04-01', '2025-04-01', 'paid'),
('T004', '0000004', 'VINVF9BL', '2023-04-02', '2023-04-02', '2025-04-02', 'paid'),
('T005', '0000005', 'VINVF9SL', '2023-05-01', '2023-05-01', '2025-05-01', 'paid'),
('T006', '0000006', 'VINVF6G', '2023-05-08', '2023-05-08', '2025-05-08', 'paid'),
('T007', '0000007', 'VINVF6G', '2023-05-25', '2023-05-25', '2025-05-25', 'paid'),
('T008', '0000008', 'VINVF7R', '2023-05-11', '2023-05-11', '2025-05-11', 'paid'),
('T009', '0000009', 'VINVF7BL', '2023-05-23', '2023-05-23', '2025-05-23', 'paid'),
('T010', '0000010', 'VINVFWG', '2023-06-03', '2023-06-03', '2025-06-03', 'paid'),
('T011', '0000011', 'VINVF8BL', '2023-06-03', '2023-06-03', '2025-06-03', 'paid'),
('T012', '0000012', 'VINVF8BL', '2023-06-30', '2023-06-30', '2025-06-30', 'paid'),
('T013', '0000013', 'VINVF8WH', '2023-06-24', '2023-06-24', '2025-06-24', 'paid'),
('T014', '0000014', 'VINVFWG', '2023-07-06', '2023-07-06', '2025-07-06', 'paid'),
('T015', '0000015', 'VINVF8B', '2023-07-29', '2023-07-29', '2025-07-29', 'paid'),
('T016', '0000016', 'VINVF9CR', '2023-07-15', '2023-07-15', '2025-07-15', 'paid'),
('T017', '0000017', 'VINVF9BL', '2023-07-02', '2023-07-02', '2025-07-02', 'paid'),
('T018', '0000018', 'VINVF9SL', '2023-08-01', '2023-08-01', '2025-08-01', 'paid'),
('T019', '0000019', 'VINVF5B', '2023-08-03', '2023-08-03', '2025-08-03', 'paid'),
('T020', '0000020', 'VINVF6G', '2023-08-25', '2023-08-25', '2025-08-25', 'paid'),
('T021', '0000021', 'VINVFWG', '2023-09-03', '2023-09-03', '2025-09-03', 'paid'),
('T022', '0000022', 'VINVFWG', '2023-09-04', '2023-09-04', '2025-09-04', 'paid'),
('T023', '0000023', 'VINVF8BL', '2023-09-30', '2023-09-30', '2025-09-30', 'paid'),
('T024', '0000024', 'VINVFWG', '2023-10-05', '2023-10-05', '2025-10-05', 'paid'),
('T025', '0000025', 'VINVF8BL', '2023-10-05', '2023-10-05', '2025-10-05', 'paid'),
('T026', '0000026', 'VINVF8BL', '2023-10-16', '2023-10-16', '2025-10-16', 'paid'),
('T027', '0000001', 'VINVF8WH', '2023-10-22', '2023-10-22', '2025-10-22', 'paid'),
('T028', '0000002', 'VINVF9CR', '2023-10-15', '2023-10-15', '2025-10-15', 'paid'),
('T029', '0000003', 'VINVF9BL', '2023-10-01', '2023-10-01', '2025-10-01', 'paid'),
('T030', '0000004', 'VINVF9BL', '2023-10-02', '2023-10-02', '2025-10-02', 'paid'),
('T031', '0000005', 'VINVF5B', '2023-11-03', '2023-11-03', '2025-11-03', 'paid'),
('T032', '0000006', 'VINVF7R', '2023-11-27', '2023-11-27', '2025-11-27', 'paid'),
('T033', '0000007', 'VINVF8BL', '2023-12-30', '2023-12-30', '2025-12-30', 'paid'),
('T034', '0000008', 'VINVF8WH', '2023-12-03', '2023-12-03', '2025-12-03', 'paid'),
('T035', '0000009', 'VINVF8WH', '2023-12-24', '2023-12-24', '2025-12-24', 'paid'),
('T036', '0000010', 'VINVFWG', '2024-01-05', '2024-01-05', '2026-01-05', 'paid'),
('T037', '0000011', 'VINVF8BL', '2024-01-05', '2024-01-05', '2026-01-05', 'paid'),
('T038', '0000012', 'VINVF8WH', '2024-01-06', '2024-01-06', '2026-01-06', 'paid'),
('T039', '0000013', 'VINVF8B', '2024-01-29', '2024-01-29', '2026-01-29', 'paid'),
('T040', '0000014', 'VINVF9CR', '2024-01-01', '2024-01-01', '2026-01-01', 'paid'),
('T041', '0000015', 'VINVF9CR', '2024-01-15', '2024-01-15', '2026-01-15', 'paid'),
('T042', '0000016', 'VINVF9SL', '2024-02-01', '2024-02-01', '2026-02-01', 'paid'),
('T043', '0000017', 'VINVF9SL', '2024-02-02', '2024-02-02', '2026-02-02', 'paid'),
('T044', '0000018', 'VINVF5B', '2024-02-03', '2024-02-03', '2026-02-03', 'paid'),
('T045', '0000019', 'VINVF6G', '2024-02-25', '2024-02-25', '2026-02-25', 'paid'),
('T046', '0000020', 'VINVF7BL', '2024-02-22', '2024-02-22', '2026-02-22', 'paid'),
('T047', '0000021', 'VINVFWG', '2024-03-04', '2024-03-04', '2026-03-04', 'paid'),
('T048', '0000022', 'VINVF8BL', '2024-03-03', '2024-03-03', '2026-03-03', 'paid'),
('T049', '0000023', 'VINVF8BL', '2024-03-30', '2024-03-30', '2026-03-30', 'paid'),
('T050', '0000024', 'VINVF8WH', '2024-03-24', '2024-03-24', '2026-03-24', 'paid'),
('T051', '0000025', 'VINVFWG', '2024-04-05', '2024-04-05', '2026-04-05', 'paid'),
('T052', '0000026', 'VINVF8BL', '2024-04-16', '2024-04-16', '2026-04-16', 'paid'),
('T053', '0000001', 'VINVF8WH', '2024-04-22', '2024-04-22', '2026-04-22', 'paid'),
('T054', '0000002', 'VINVF8B', '2024-04-29', '2024-04-29', '2026-04-29', 'paid'),
('T055', '0000003', 'VINVF9CR', '2024-04-01', '2024-04-01', '2026-04-01', 'paid'),
('T056', '0000004', 'VINVF9CR', '2024-04-15', '2024-04-15', '2026-04-15', 'paid'),
('T057', '0000005', 'VINVF9SL', '2024-05-02', '2024-05-02', '2026-05-02', 'paid'),
('T058', '0000006', 'VINVF5B', '2024-05-03', '2024-05-03', '2026-05-03', 'paid'),
('T059', '0000007', 'VINVF6G', '2024-05-25', '2024-05-25', '2026-05-25', 'paid'),
('T060', '0000008', 'VINVF7BL', '2024-05-23', '2024-05-23', '2026-05-23', 'paid'),
('T061', '0000009', 'VINVFWG', '2024-06-03', '2024-06-03', '2026-06-03', 'paid'),
('T062', '0000010', 'VINVF8BL', '2024-06-30', '2024-06-30', '2026-06-30', 'paid'),
('T063', '0000011', 'VINVF8WH', '2024-06-24', '2024-06-24', '2026-06-24', 'paid'),
('T064', '0000012', 'VINVFWG', '2024-07-05', '2024-07-05', '2026-07-05', 'paid'),
('T065', '0000013', 'VINVF8BL', '2024-07-16', '2024-07-16', '2026-07-16', 'paid'),
('T066', '0000014', 'VINVF8WH', '2024-07-22', '2024-07-22', '2026-07-22', 'paid'),
('T067', '0000015', 'VINVF8B', '2024-07-05', '2024-07-05', '2026-07-05', 'paid');